,MAE,MSE,RMSE,R2,set,modelo
0,936.4292419794656,1172477.7575620385,1082.8101207331035,0.4568269285967832,test,1Random Forest_sin_estandar
1,896.7258090951974,1111830.3468039571,1054.4336616420956,0.5540336670408011,train,1Random Forest_sin_estandar
0,933.1502982441783,1376731.6535532079,1173.3420871822539,0.3622023480313593,test,1_Decision_tree_sin_estandar
1,977.3389012287802,1387651.71370865,1177.9862960614823,0.44339894304367955,train,1_Decision_tree_sin_estandar
