,MAE,MSE,RMSE,R2,set,modelo
0,294.8753493370176,176849.6004987113,420.53489807471544,0.631888521358934,test,2_RForest_casual_cod_estand
1,267.7372717361143,150213.80629217386,387.57425906808345,0.678828648863272,train,2_RForest_casual_cod_estand
0,321.11669615283256,218687.5649172789,467.640422672462,0.5448030266672823,test,1_Dtree_casual_est-cod
1,274.76222172126165,165665.210703821,407.0199143823567,0.6457920821565053,train,1_Dtree_casual_est-cod
