,MAE,MSE,RMSE,R2,set,modelo
0,305.0955035546382,181386.96249153072,425.8954830607278,0.6224440271243049,test,2_RForest_casual_cod_estand
1,267.2775848647444,149835.076374808,387.08536057930166,0.6796384093125858,train,2_RForest_casual_cod_estand
0,321.11669615283256,218687.5649172789,467.640422672462,0.5448030266672823,test,1_Dtree_casual_est-cod
1,274.76222172126165,165665.210703821,407.0199143823567,0.6457920821565053,train,1_Dtree_casual_est-cod
