,MAE,MSE,RMSE,R2,set,modelo
0,285.60048667967123,153412.86088362007,391.6795385051663,0.6806719670094077,test,2_RForest_casual_cod_estand
1,279.21231804512286,148395.0245592693,385.22074783073316,0.6827173765441588,train,2_RForest_casual_cod_estand
0,402.55273130198333,365778.84916678804,604.7965353462171,0.23863332095344492,test,1_Dtree_casual_est-cod
1,337.5841112878716,238440.75081171116,488.30395330338166,0.49019108166861625,train,1_Dtree_casual_est-cod
