,MAE,MSE,RMSE,R2,set,modelo
0,215.34203126667242,106562.7213758702,326.4394605066462,0.778190276805441,test,2_RForest_casual_cod_estand
1,215.36770280145595,101756.31060026788,318.99264975899973,0.7824353661699385,train,2_RForest_casual_cod_estand
0,305.76358574275577,215590.03081438364,464.3167354450878,0.5512505270039665,test,1_Dtree_casual_est-cod
1,284.99568045466265,180111.5188371184,424.395474571912,0.6149045065292419,train,1_Dtree_casual_est-cod
