,MAE,MSE,RMSE,R2,set,modelo
0,229.11445280083916,112477.82246331105,335.3771346757424,0.7658780261615663,test,2_RForest_casual_cod_estand
1,217.17406396284986,105511.36639725784,324.82513202838516,0.7744067010712903,train,2_RForest_casual_cod_estand
0,326.10886098511224,220518.59041382396,469.5940698239533,0.5409917570853213,test,1_Dtree_casual_est-cod
1,304.7359416513623,198394.4141900878,445.4148787255403,0.5758139438962483,train,1_Dtree_casual_est-cod
