,MAE,MSE,RMSE,R2,set,modelo
0,573.5746048493612,454757.9145789873,674.3574086335726,0.789324572160406,test,2_Random Forest_estand
1,565.8492156994603,517165.5917830204,719.1422611577075,0.7925596803836703,train,2_Random Forest_estand
0,761.308035738841,884056.0426140772,940.2425445671331,0.5904438844471186,test,2_Decision_tree_estand
1,810.9110617285115,1089619.4824531318,1043.848400129603,0.5629426680901657,train,2_Decision_tree_estand
