,MAE,MSE,RMSE,R2,set,modelo
0,475.67507556862955,355853.2561540323,596.5343713098453,0.8351440742757169,test,2_Random Forest_estand
1,467.81564661748854,385265.29068755463,620.6974228136884,0.8454662175769125,train,2_Random Forest_estand
0,550.8743754404716,574880.2176153118,758.2085581258707,0.7336755844815792,test,2_Decision_tree_estand
1,512.8168454017339,503193.26619204256,709.3611676656981,0.798164120687564,train,2_Decision_tree_estand
