,MAE,MSE,RMSE,R2,set,modelo
0,452.155886990634,325061.1079189453,570.1413052208595,0.8494091344221311,test,2_Random Forest_estand
1,463.25027589796787,386935.83438503137,622.0416661165323,0.8447961457004313,train,2_Random Forest_estand
0,541.042567024648,468324.9699809505,684.3427284489479,0.7830393704966192,test,2_Decision_tree_estand
1,520.1667769080753,482790.5964443857,694.8313438845327,0.8063478366979209,train,2_Decision_tree_estand
