,MAE,MSE,RMSE,R2,set,modelo
0,928.338646790118,1112348.4817797805,1054.6793265157805,0.48468298232339047,test,1Random Forest_sin_estandar
1,841.0666660694773,969847.0953391505,984.8081515397557,0.6109845770239664,train,1Random Forest_sin_estandar
0,1027.0996774057296,1566424.8701635578,1251.5689634069543,0.2743232847177445,test,1_Decision_tree_sin_estandar
1,936.8799869598915,1270522.539186972,1127.1745823903998,0.49038063282587196,train,1_Decision_tree_sin_estandar
