,MAE,MSE,RMSE,R2,set,modelo
0,937.7027731250265,1180767.2807881013,1086.6311613367718,0.45298664611625983,test,1Random Forest_sin_estandar
1,899.7621572717651,1116346.494265969,1056.5729952378913,0.5522221948782307,train,1Random Forest_sin_estandar
0,1040.219233569517,1572647.581818075,1254.052463742277,0.2714404928011893,test,1_Decision_tree_sin_estandar
1,979.652720314068,1377371.6913254743,1173.6147968245264,0.4475223634001594,train,1_Decision_tree_sin_estandar
