,MAE,MSE,RMSE,R2,set,modelo
0,1061.7813752495722,1539695.9429835477,1240.844850488387,0.550170309545831,test,2_RForest_CNT_cod_estand
1,914.0595222031086,1168015.8294619515,1080.7478102970886,0.6938915214169368,train,2_RForest_CNT_cod_estand
0,1163.7848686824098,1878229.7857455942,1370.4852373322356,0.4512659937996807,test,1_Dtree_CNT_est-cod
1,1072.4967830036283,1674588.435382189,1294.0588995027192,0.5611311890834846,train,1_Dtree_CNT_est-cod
