,MAE,MSE,RMSE,R2,set,modelo
0,484.1509577778867,395785.9956390646,629.1152482964187,0.8843691881402082,test,2_RForest_CNT_cod_estand
1,499.7816791041872,477244.1484650053,690.8285955756357,0.8749259414860943,train,2_RForest_CNT_cod_estand
0,581.1294043420825,678586.7258256457,823.7637560767321,0.8017475734637823,test,1_Dtree_CNT_est-cod
1,553.9919633755914,590977.2521776602,768.7504485707051,0.8451192672408934,train,1_Dtree_CNT_est-cod
