,MAE,MSE,RMSE,R2,set,modelo
0,1070.7246537338342,1547600.3917642317,1244.025880664961,0.5478609862249317,test,2_RForest_CNT_cod_estand
1,1015.5519262842829,1420898.2967262852,1192.0143861238778,0.627617190742604,train,2_RForest_CNT_cod_estand
0,1161.5789444792317,1866075.913980925,1366.0438916743944,0.4548168068018419,test,1_Dtree_CNT_est-cod
1,1088.9164984272068,1613303.1009503654,1270.1586912470289,0.5771925814115505,train,1_Dtree_CNT_est-cod
