,MAE,MSE,RMSE,R2,set,modelo
0,1064.7782323911395,1547710.5700985272,1244.07016285197,0.5478287970863964,test,2_RForest_CNT_cod_estand
1,911.386328987236,1169301.2736778366,1081.3423480460924,0.6935546378205825,train,2_RForest_CNT_cod_estand
0,1069.7391569660972,1630620.4880595738,1276.9575122374174,0.5236062595769913,test,1_Dtree_CNT_est-cod
1,1036.663297826454,1527435.2630064015,1235.8945193690283,0.5996964487130338,train,1_Dtree_CNT_est-cod
