,MAE,MSE,RMSE,R2,set,modelo
0,495.4974291213664,421573.2354804147,649.2867128475791,0.8768353200616676,test,2_RForest_CNT_cod_estand
1,503.3703643054143,476883.22101681476,690.5673182368355,0.8750205317726791,train,2_RForest_CNT_cod_estand
0,619.7036229518958,662600.0882580741,814.0025112111597,0.8064181477165719,test,1_Dtree_CNT_est-cod
1,532.5847265759572,567902.0387205769,753.5927538933591,0.8511667182309891,train,1_Dtree_CNT_est-cod
