,MAE,MSE,RMSE,R2,set,modelo
0,939.374166594315,1185774.425864213,1088.932700337451,0.45066698900343893,test,1Random Forest_sin_estandar
1,899.3750283177428,1121546.9754301433,1059.0311494144746,0.5501362295858846,train,1Random Forest_sin_estandar
0,981.4006560635187,1333519.6578945718,1154.781216462483,0.3822211434856704,test,1_Decision_tree_sin_estandar
1,936.2696103419381,1242807.29691751,1114.8126734646992,0.5014974952118625,train,1_Decision_tree_sin_estandar
