,MAE,MSE,RMSE,R2,set,modelo
0,945.4768090009898,1196702.3913991184,1093.9389340356793,0.44560439692823783,test,2_Random Forest_estand
1,902.0976146219772,1126055.0975498715,1061.1574329711268,0.5483279764688089,train,2_Random Forest_estand
0,968.4915787166524,1392236.6658368544,1179.930788579082,0.3550193502389195,test,2_Decision_tree_estand
1,960.7438451335454,1345847.8216274343,1160.1068147491567,0.4601669045483039,train,2_Decision_tree_estand
