,MAE,MSE,RMSE,R2,set,modelo
0,505.77132890788357,387874.51862224925,622.7957278452135,0.8203096031116448,test,2_Random Forest_estand
1,553.4240732253436,522942.4092938228,723.1475708967173,0.7902425407869029,train,2_Random Forest_estand
0,599.0832533102179,537963.5890941981,733.4600119258023,0.7507779289570597,test,2_Decision_tree_estand
1,651.944226024798,709832.8865625034,842.5158079006609,0.7152788909350212,train,2_Decision_tree_estand
